name,iso2_code,iso3_code,m49_code,slug,population_cia,population_cia_date,real_gdp_ppp_pc_cia,real_gdp_ppp_pc_cia_date,real_gdp_ppp_cia,real_gdp_ppp_date,nominal_gdp_wb,nominal_gdp_wb_date,real_gdp_wb,real_gdp_wb_date,hdi_undp,hdi_undp_date,co2_owid,co2_owid_date,co2_per_capita_owid,co2_per_capita_owid_date,oil_production_ei,oil_production_ei_date,coal_production_ei,coal_production_ei_date,gas_production_ei,gas_production_ei_date,islam_pew,islam_pew_date,renewable_ei,renewable_ei_date,electdem_vdem,electdem_vdem_date,libdem_vdem,libdem_vdem_date,participdem_vdem,participdem_vdem_date,delibdem_vdem,delibdem_vdem_date,egaldem_vdem,egaldem_vdem_date,surface_temp_imf,surface_temp_imf_date,natural_disasters_imf,natural_disasters_imf_date
China,CN,CHN,156,china,1413142846,2023,18200,2022,2.57E+13,2022,1.8E+13,2022,1.58E+13,2021,0.788,2022,11396.777,2022,7.993,2022,2380.8936,2022,25617.02,2022,2218.4143,2022,1.6,2009,16.01911,2022,0.075,2022,0.04,2022,0.042,2022,0.079,2022,0.088,2022,1.906,2022,14.83333333,2022
India,IN,IND,356,india,1399179585,2023,7100,2022,1.01E+13,2022,3.42E+12,2022,2.73E+12,2021,0.644,2022,2829.644,2022,1.997,2022,384.05682,2022,4172.377,2022,298.0193,2022,13.4,2009,10.401817,2022,0.399,2022,0.306,2022,0.262,2022,0.295,2022,0.235,2022,0.79,2022,14.5,2022
United States,US,USA,840,united-states,339665118,2023,64600,2022,2.15E+13,2022,2.54E+13,2022,2.05E+13,2021,0.927,2022,5057.304,2022,14.95,2022,8832.521,2022,3353.0413,2022,9785.507,2022,0.8,2009,11.31655,2022,0.819,2022,0.741,2022,0.582,2022,0.711,2022,0.582,2022,1.217,2022,25.66666667,2022
Indonesia,ID,IDN,360,indonesia,279476346,2023,12400,2022,3.42E+12,2022,1.32E+12,2022,1.07E+12,2021,0.713,2022,728.883,2022,2.646,2022,365.30237,2022,3875.8389,2022,577.2006,2022,88.2,2009,10.204954,2022,0.574,2022,0.422,2022,0.385,2022,0.487,2022,0.316,2022,1.085,2022,15.33333333,2022
Pakistan,PK,PAK,586,pakistan,247653551,2023,5400,2022,1.27E+12,2022,3.75E+11,2022,3.41E+11,2021,0.54,2022,200.2,2022,0.849,2022,54.909622,2016,51.87214,2022,286.80862,2022,96.3,2009,10.861109,2022,0.388,2022,0.26,2022,0.256,2022,0.32,2022,0.156,2022,1.389,2022,5.5,2022
Nigeria,NG,NGA,566,nigeria,230842743,2023,5000,2022,1.09E+12,2022,4.73E+11,2022,5.18E+11,2021,0.548,2022,128.759,2022,0.589,2022,802.53613,2022,0.347325,2016,403.83664,2022,50.4,2009,,,0.49,2022,0.32,2022,0.327,2022,0.322,2022,0.266,2022,0.791,2022,2.333333333,2022
Brazil,BR,BRA,76,brazil,218689757,2023,15100,2022,3.25E+12,2022,1.92E+12,2022,1.83E+12,2021,0.76,2022,483.477,2022,2.245,2022,1896.3617,2022,29.969172,2022,229.82063,2022,0.1,2009,48.73519,2022,0.678,2022,0.523,2022,0.424,2022,0.448,2022,0.324,2022,0.926,2022,6.666666667,2022
Bangladesh,BD,BGD,50,bangladesh,167184465,2023,6300,2022,1.07E+12,2022,4.6E+11,2022,2.85E+11,2021,0.67,2022,102.103,2022,0.596,2022,2.5744076,2016,5.530092,2016,232.63031,2022,89.6,2009,0.7543987,2022,0.274,2022,0.109,2022,0.127,2022,0.121,2022,0.114,2022,1.216,2022,3.5,2022
Russia,RU,RUS,643,russia,141698923,2023,27500,2022,4.03E+12,2022,2.24E+12,2022,1.49E+12,2021,0.821,2022,1652.177,2022,11.417,2022,6379.2515,2022,2597.8977,2022,6183.6816,2022,11.7,2009,6.7104363,2022,0.209,2022,0.071,2022,0.142,2022,0.073,2022,0.15,2022,2.261,2022,3.4,2022
Mexico,MX,MEX,484,mexico,129875529,2023,20300,2022,2.58E+12,2022,1.47E+12,2022,1.21E+12,2021,0.781,2022,511.972,2022,4.015,2022,1136.0168,2022,38.23525,2022,403.51337,2022,1,2009,8.955569,2022,0.598,2022,0.346,2022,0.4,2022,0.358,2022,0.331,2022,1.249,2022,6,2022
Japan,JP,JPN,392,japan,123719238,2023,41600,2022,5.21E+12,2022,4.26E+12,2022,4.44E+12,2021,0.92,2022,1053.798,2022,8.502,2022,6.197832,2016,4.6985197,2022,33.770493,2016,0.1,2009,12.514361,2022,0.833,2022,0.736,2022,0.537,2022,0.744,2022,0.761,2022,1.335,2022,5.333333333,2022
Ethiopia,ET,ETH,231,ethiopia,116462712,2023,2400,2022,2.94E+11,2022,1.27E+11,2022,1E+11,2021,0.492,2022,19.073,2022,0.155,2022,0,2016,0,2016,0,2016,33.9,2009,,,0.319,2022,0.152,2022,0.168,2022,0.258,2022,0.22,2022,1.455,2022,2.4,2022
Philippines,PH,PHL,608,philippines,116434200,2023,8600,2022,9.92E+11,2022,4.04E+11,2022,3.79E+11,2021,0.71,2022,150.396,2022,1.301,2022,12.671898,2016,78.16815,2016,33.301083,2016,5.1,2009,12.511821,2022,0.431,2022,0.283,2022,0.287,2022,0.36,2022,0.193,2022,1.405,2022,9.5,2022
"Congo, Democratic Republic of the",CD,COD,180,congo-democratic-republic-of-the,111859928,2023,1100,2022,1.12E+11,2022,64718641221,2022,48065880000,2021,0.481,2022,3.602,2022,0.036,2022,12.623009,2016,0.06172564,2016,0,2016,1.4,2009,,,0.337,2022,0.154,2022,0.186,2022,0.275,2022,0.182,2022,1.48,2022,3.4,2022
Egypt,EG,EGY,818,egypt,109546720,2023,12800,2022,1.42E+12,2022,4.77E+11,2022,4.26E+11,2021,0.728,2022,258.952,2022,2.333,2022,347.97958,2022,0,2016,644.88184,2022,94.6,2009,5.651781,2022,0.175,2022,0.118,2022,0.092,2022,0.091,2022,0.093,2022,0.655,2022,1,2022
Vietnam,VN,VNM,704,vietnam,104799174,2023,11400,2022,1.12E+12,2022,4.09E+11,2022,3.32E+11,2021,0.726,2022,343.607,2022,3.5,2022,108.65535,2022,324.5495,2022,77.97199,2022,0.2,2009,26.753923,2022,0.157,2022,0.115,2022,0.159,2022,0.174,2022,0.194,2022,1.033,2022,8.5,2022
Iran,IR,IRN,364,iran,87590873,2023,15500,2022,1.37E+12,2022,4.13E+11,2022,4.7E+11,2021,0.78,2022,690.635,2022,7.799,2022,2053.1738,2022,10.350729,2016,2593.9863,2022,99.4,2009,0.7302681,2022,0.182,2022,0.105,2022,0.047,2022,0.093,2022,0.171,2022,2.37,2022,3.333333333,2022
Germany,DE,DEU,276,germany,84220184,2023,54000,2022,4.52E+12,2022,4.08E+12,2022,3.55E+12,2021,0.95,2022,665.605,2022,7.984,2022,29.638956,2016,336.05832,2022,42.57275,2022,5,2009,21.25784,2022,0.857,2022,0.807,2022,0.615,2022,0.816,2022,0.792,2022,2.596,2022,2.666666667,2022
Turkey (Turkiye),TR,TUR,792,turkey-turkiye,83593483,2023,33100,2022,2.82E+12,2022,9.07E+11,2022,1.13E+12,2021,0.855,2022,435.685,2022,5.105,2022,31.756136,2016,231.385,2022,3.9055278,2016,98,2009,18.845089,2022,0.276,2022,0.118,2022,0.164,2022,0.084,2022,0.209,2022,,,2.666666667,2022
Thailand,TH,THA,764,thailand,69794997,2023,17500,2022,1.26E+12,2022,4.95E+11,2022,4.38E+11,2021,0.803,2022,270.746,2022,3.776,2022,134.91685,2022,39.29714,2022,256.43073,2022,5.8,2009,7.3274584,2022,0.206,2022,0.179,2022,0.109,2022,0.073,2022,0.16,2022,1.014,2022,6.6,2022
France,FR,FRA,250,france,68521974,2023,45900,2022,3.12E+12,2022,2.78E+12,2022,2.58E+12,2021,0.91,2022,297.534,2022,4.604,2022,10.533187,2016,0,2016,0.23564892,2016,6,2009,14.619642,2022,0.874,2022,0.803,2022,0.602,2022,0.806,2022,0.753,2022,2.929,2022,6.833333333,2022
United Kingdom,GB,GBR,826,united-kingdom,68138484,2023,47600,2022,3.19E+12,2022,3.09E+12,2022,3.04E+12,2021,0.94,2022,318.654,2022,4.72,2022,421.4849,2022,5.0240626,2022,381.55322,2022,2.7,2009,19.337606,2022,0.843,2022,0.766,2022,0.603,2022,0.73,2022,0.705,2022,1.911,2022,2.5,2022
Tanzania,TZ,TZA,834,tanzania,65642682,2023,2600,2022,1.67E+11,2022,75732311666,2022,64155324000,2021,0.532,2022,15.57,2022,0.238,2022,0,2016,2.0839493,2016,16.298729,2016,30.2,2009,,,0.398,2022,0.359,2022,0.264,2022,0.334,2022,0.348,2022,0.911,2022,2.5,2022
Italy,IT,ITA,380,italy,61021855,2023,44300,2022,2.61E+12,2022,2.05E+12,2022,1.86E+12,2021,0.906,2022,338.097,2022,5.727,2022,51.8587,2022,0,2016,31.581038,2022,1,2009,16.598764,2022,0.844,2022,0.766,2022,0.668,2022,0.768,2022,0.775,2022,2.135,2022,4.166666667,2022
South Africa,ZA,ZAF,710,south-africa,58048332,2023,13500,2022,8.07E+11,2022,4.05E+11,2022,3.53E+11,2021,0.717,2022,404.054,2022,6.746,2022,2.7119992,2016,1485.4603,2022,10.531338,2016,1.5,2009,3.8756707,2022,0.692,2022,0.581,2022,0.43,2022,0.598,2022,0.479,2022,1.094,2022,5,2022
Myanmar,MM,MMR,104,burma,57970293,2023,4200,2022,2.3E+11,2022,62263466264,2022,70876450000,2021,0.608,2022,34.922,2022,0.645,2022,9.787949,2016,2.7527988,2016,168.7434,2022,3.8,2009,,,0.093,2022,0.046,2022,0.093,2022,0.062,2022,0.067,2022,1.436,2022,2.4,2022
Kenya,KE,KEN,404,kenya,57052004,2023,4900,2022,2.64E+11,2022,1.13E+11,2022,90372800000,2021,0.601,2022,24.852,2022,0.46,2022,0,2016,0,2016,0,2016,7,2009,,,0.522,2022,0.425,2022,0.36,2022,0.449,2022,0.353,2022,1.28,2022,2,2022
"Korea, South",KR,KOR,410,korea-south,51966948,2023,45600,2022,2.35E+12,2022,1.67E+12,2022,1.69E+12,2021,0.929,2022,600.999,2022,11.599,2022,0,2016,4.510812,2022,1.7859433,2016,0.1,2009,4.314481,2022,0.812,2022,0.732,2022,0.539,2022,0.682,2022,0.698,2022,1.659,2022,3,2022
Colombia,CO,COL,170,colombia,49336454,2023,15600,2022,8.1E+11,2022,3.44E+11,2022,3.31E+11,2021,0.758,2022,99.718,2022,1.922,2022,461.86255,2022,459.38284,2022,124.322784,2022,1,2009,30.853983,2022,0.689,2022,0.541,2022,0.47,2022,0.537,2022,0.381,2022,0.874,2022,7.666666667,2022
Sudan,SS,SSD,728,sudan,49197555,2023,3600,2022,1.67E+11,2022,51662241775,2022,11997800000,2015,0.516,2022,1.834,2022,0.168,2022,80.803566,2022,0,2016,0,2016,71.3,2009,,,0.129,2022,0.059,2022,0.05,2022,0.036,2022,0.036,2022,0.983,2022,1.75,2022
Uganda,UG,UGA,800,uganda,47729952,2023,2300,2022,1.08E+11,2022,45567304608,2022,42210587000,2021,0.55,2022,6.022,2022,0.127,2022,0,2016,0,2016,0,2016,12.1,2009,,,0.285,2022,0.2,2022,0.18,2022,0.262,2022,0.173,2022,1.416,2022,4,2022
Spain,ES,ESP,724,spain,47222613,2023,40200,2022,1.92E+12,2022,1.42E+12,2022,1.24E+12,2021,0.911,2022,245.614,2022,5.164,2022,1.6546475,2016,0.49378112,2022,0.60995066,2016,1,2009,21.03419,2022,0.873,2022,0.791,2022,0.618,2022,0.765,2022,0.724,2022,2.489,2022,3.333333333,2022
Argentina,AR,ARG,32,argentina,46621847,2023,22500,2022,1.04E+12,2022,6.31E+11,2022,5.68E+11,2021,0.849,2022,192.864,2022,4.238,2022,381.5427,2022,0.16627173,2016,415.9182,2022,1.9,2009,12.81501,2022,0.823,2022,0.642,2022,0.56,2022,0.642,2022,0.642,2022,0.643,2022,3,2022
Algeria,DZ,DZA,12,algeria,44758398,2023,11200,2022,5.03E+11,2022,1.95E+11,2022,1.74E+11,2021,0.745,2022,176.345,2022,3.927,2022,740.2434,2022,0,2016,981.75,2022,98,2009,0.2927589,2022,0.281,2022,0.134,2022,0.11,2022,0.184,2022,0.26,2022,1.688,2022,1.4,2022
Ukraine,UA,UKR,804,ukraine,43306477,2023,10700,2022,3.8E+11,2022,1.61E+11,2022,1.01E+11,2021,0.734,2022,141.253,2022,3.558,2022,28.340725,2016,100.34302,2022,175.08604,2022,1,2009,7.4345684,2022,0.406,2022,0.234,2022,0.273,2022,0.351,2022,0.317,2022,1.931,2022,1.5,2022
Iraq,IQ,IRQ,368,iraq,41266109,2023,9200,2022,4.09E+11,2022,2.64E+11,2022,1.84E+11,2021,0.673,2022,179.081,2022,4.025,2022,2573.8372,2022,0,2016,94.28798,2022,99,2009,2.1947129,2019,0.362,2022,0.197,2022,0.195,2022,0.222,2022,0.187,2022,2.147,2022,1.4,2022
Afghanistan,AF,AFG,4,afghanistan,39232003,2023,1500,2021,60802000000,2021,14266499430,2021,17083574000,2021,0.462,2022,12.148,2022,0.295,2022,0,2016,9.858067,2016,1.7928046,2016,99.7,2009,,,0.082,2022,0.028,2022,0.019,2022,0.025,2022,0.019,2022,2.012,2022,5.666666667,2022
Canada,CA,CAN,124,canada,38516736,2023,49000,2022,1.91E+12,2022,2.16E+12,2022,1.68E+12,2021,0.935,2022,547.944,2022,14.249,2022,3186.427,2022,327.52536,2022,1850.1636,2022,2,2009,30.622011,2022,0.847,2022,0.739,2022,0.6,2022,0.715,2022,0.669,2022,1.268,2022,3.5,2022
Poland,PL,POL,616,poland,37991766,2023,37700,2022,1.39E+12,2022,6.88E+11,2022,5.98E+11,2021,0.881,2022,323.117,2022,8.107,2022,12.56077,2016,473.3611,2022,40.011852,2022,1,2009,9.370145,2022,0.574,2022,0.425,2022,0.353,2022,0.358,2022,0.494,2022,2.056,2022,2,2022
Morocco,MA,MAR,504,morocco,37067420,2023,8100,2022,3.07E+11,2022,1.31E+11,2022,1.24E+11,2021,0.698,2022,68.412,2022,1.826,2022,0.0985592,2016,0,2016,0.92205393,2016,99,2009,7.263463,2022,0.264,2022,0.251,2022,0.161,2022,0.255,2022,0.208,2022,2.303,2022,2,2022
Angola,AO,AGO,24,angola,35981281,2023,5900,2022,2.1E+11,2022,1.07E+11,2022,79346280000,2021,0.591,2022,16.07,2022,0.452,2022,671.88135,2022,0,2016,18.578863,2016,1,2009,,,0.344,2022,0.174,2022,0.112,2022,0.163,2022,0.145,2022,1.212,2022,2.2,2022
Saudi Arabia,SA,SAU,682,saudi-arabia,35939806,2023,50200,2022,1.83E+12,2022,1.11E+12,2022,6.72E+11,2021,0.875,2022,662.549,2022,18.197,2022,6665.056,2022,0,2016,1203.5773,2022,97,2009,0,1999,0.016,2022,0.043,2022,0.026,2022,0.06,2022,0.109,2022,1.745,2022,1.666666667,2022
Malaysia,MY,MYS,458,malaysia,34219975,2023,28400,2022,9.63E+11,2022,4.07E+11,2022,3.55E+11,2021,0.807,2022,291.071,2022,8.577,2022,296.88028,2022,15.134934,2016,824.4764,2022,60.4,2009,8.150381,2022,0.438,2022,0.304,2022,0.255,2022,0.323,2022,0.339,2022,1.367,2022,4.833333333,2022
Ghana,GH,GHA,288,ghana,33846114,2023,5500,2022,1.83E+11,2022,73766052452,2022,66149904000,2021,0.602,2022,20.807,2022,0.622,2022,62.68366,2016,0,2016,6.8981433,2016,15.9,2009,,,0.633,2022,0.543,2022,0.316,2022,0.526,2022,0.47,2022,0.996,2022,1.666666667,2022
Mozambique,MZ,MOZ,508,mozambique,32513805,2023,1300,2022,41237000000,2022,18406835955,2022,18383776000,2021,0.461,2022,8.003,2022,0.243,2022,0,2016,49.598526,2016,66.456184,2016,22.8,2009,,,0.362,2022,0.243,2022,0.229,2022,0.225,2022,0.244,2022,0.834,2022,3,2022
Peru,PE,PER,604,peru,32440172,2023,12700,2022,4.34E+11,2022,2.43E+11,2022,2.17E+11,2021,0.762,2022,60.921,2022,1.789,2022,62.660515,2022,3.579629,2016,138.35924,2022,0.1,2009,27.61327,2022,0.744,2022,0.627,2022,0.517,2022,0.444,2022,0.455,2022,0.878,2022,4.4,2022
Yemen,YE,YEM,887,yemen,31565602,2023,2500,2017,73630000000,2017,21606160784,2018,36789140000,2018,0.424,2022,11.356,2022,0.337,2022,39.60465,2022,0,2016,1.3028924,2022,99.1,2009,,,0.123,2022,0.045,2022,0.069,2022,0.03,2022,0.026,2022,,,2.666666667,2022
Uzbekistan,UZ,UZB,860,uzbekistan,31360836,2023,8100,2022,2.88E+11,2022,80391853887,2022,1.16E+11,2021,0.727,2022,120.61,2022,3.483,2022,33.09084,2022,17.675045,2022,488.95898,2022,96.3,2009,2.445178,2022,0.221,2022,0.081,2022,0.064,2022,0.16,2022,0.16,2022,2.607,2022,1,2022
Nepal,NP,NPL,524,nepal,30899443,2023,4000,2022,1.22E+11,2022,40828247304,2022,31149050000,2021,0.601,2022,15.5,2022,0.507,2022,0,2016,0.09900859,2016,0,2016,4.2,2009,,,0.646,2022,0.501,2022,0.427,2022,0.394,2022,0.419,2022,1.132,2022,2.666666667,2022
Venezuela,VE,VEN,862,venezuela,30518260,2023,7704,2018,2.69E+11,2018,4.82E+11,2014,,,0.699,2022,76.892,2022,2.717,2022,433.86914,2022,1.2583791,2022,291.77618,2022,0.3,2009,28.314623,2022,0.214,2022,0.064,2022,0.159,2022,0.041,2022,0.106,2022,0.533,2022,2.8,2022
Cameroon,CM,CMR,120,cameroon,30135732,2023,3700,2022,1.04E+11,2022,43644068311,2022,38971900000,2021,0.587,2022,9.573,2022,0.343,2022,58.748592,2016,0,2016,7.8090124,2016,17.9,2009,,,0.297,2022,0.137,2022,0.122,2022,0.122,2022,0.191,2022,1.044,2022,1.75,2022
Cote d'Ivoire,CI,CIV,384,cote-divoire,29344847,2023,5500,2022,1.56E+11,2022,70018715017,2022,65342546000,2021,0.534,2022,11.734,2022,0.417,2022,31.034172,2016,0,2016,23.953161,2016,36.7,2009,,,0.437,2022,0.239,2022,0.304,2022,0.399,2022,0.258,2022,,,1,2022
Madagascar,MG,MDG,450,madagascar,28812195,2023,1500,2022,44491000000,2022,15297192799,2022,12784234000,2021,0.487,2022,4.404,2022,0.149,2022,0,2016,0,2016,0,2016,1.1,2009,,,0.495,2022,0.259,2022,0.293,2022,0.283,2022,0.217,2022,0.86,2022,3.166666667,2022
Australia,AU,AUS,36,australia,26461166,2023,51100,2022,1.33E+12,2022,1.69E+12,2022,1.52E+12,2021,0.946,2022,392.279,2022,14.985,2022,203.44319,2022,3183.6519,2022,1528.1534,2022,1.7,2009,14.454731,2022,0.858,2022,0.814,2022,0.614,2022,0.786,2022,0.726,2022,0.754,2022,4,2022
"Korea, North",KP,PRK,408,korea-north,26072217,2023,1700,2015,40000000000,2015,,,,,,2022,50.872,2022,1.951,2022,0,2016,233.82419,2016,0,2016,0.1,2009,,,0.087,2022,0.01,2022,0.045,2022,0.011,2022,0.084,2022,1.61,2022,1.6,2022
Niger,NE,NER,562,niger,25396840,2023,1300,2022,33406000000,2022,15342278919,2022,12821088000,2021,0.394,2022,3.058,2022,0.117,2022,8.276316,2016,1.6459705,2016,0,2016,98.6,2009,,,0.511,2022,0.382,2022,0.329,2022,0.461,2022,0.354,2022,0.428,2022,2,2022
Taiwan,TW,TWN,,taiwan,23588613,2023,47800,2019,1.14E+12,2019,,,,,,2022,277.901,2022,11.631,2022,0.14531969,2016,0,2016,2.9937503,2016,1,2009,4.411099,2022,0.831,2022,0.725,2022,0.66,2022,0.734,2022,0.745,2022,1.383,2022,1.333333333,2022
Sri Lanka,LK,LKA,144,sri-lanka,23326272,2023,12200,2022,2.71E+11,2022,74403578363,2022,96953500000,2021,0.78,2022,17.327,2022,0.794,2022,0,2016,0,2016,0,2016,8.5,2009,16.628572,2007,0.575,2022,0.412,2022,0.343,2022,0.328,2022,0.369,2022,1.004,2022,4.166666667,2022
Syria,SY,SYR,760,syria,22933531,2023,2900,2015,50280000000,2015,8969512933,2021,15096250000,2020,0.557,2022,27.635,2022,1.249,2022,53.077442,2022,0,2016,30.681114,2022,92.2,2009,,,0.138,2022,0.033,2022,0.051,2022,0.034,2022,0.054,2022,1.535,2022,1.25,2022
Burkina Faso,BF,BFA,854,burkina-faso,22489126,2023,2200,2022,48949000000,2022,18820064798,2022,16347272000,2021,0.438,2022,5.962,2022,0.263,2022,0,2016,0,2016,0,2016,59,2009,,,0.295,2022,0.219,2022,0.183,2022,0.273,2022,0.23,2022,0.802,2022,2,2022
Mali,ML,MLI,466,mali,21359722,2023,2100,2022,48184000000,2022,18827176530,2022,16313965000,2021,0.41,2022,7.039,2022,0.312,2022,0,2016,0,2016,0,2016,92.5,2009,,,0.235,2022,0.153,2022,0.175,2022,0.252,2022,0.198,2022,0.887,2022,1.5,2022
Malawi,MW,MWI,454,malawi,21279597,2023,1500,2022,29932000000,2022,13164667627,2022,7744644000,2021,0.508,2022,2.094,2022,0.103,2022,0,2016,0.31454292,2016,0,2016,12.8,2009,,,0.642,2022,0.538,2022,0.406,2022,0.511,2022,0.382,2022,0.816,2022,2.166666667,2022
Zambia,ZM,ZMB,894,zambia,20216029,2023,3400,2022,67377000000,2022,29163782138,2022,24495921000,2021,0.569,2022,8.922,2022,0.446,2022,0,2016,0.9062308,2016,0,2016,0.4,2009,,,0.518,2022,0.433,2022,0.352,2022,0.462,2022,0.321,2022,0.686,2022,1.75,2022
Kazakhstan,KZ,KAZ,398,kazakhstan,19543464,2023,26100,2022,5.12E+11,2022,2.25E+11,2022,2.15E+11,2021,0.802,2022,271.178,2022,13.98,2022,978.53656,2022,502.12268,2022,259.6136,2022,56.4,2009,4.03933,2022,0.277,2022,0.14,2022,0.114,2022,0.178,2022,0.224,2022,2.712,2022,1,2022
Chile,CL,CHL,152,chile,18549457,2023,25900,2022,5.07E+11,2022,3.01E+11,2022,2.75E+11,2021,0.86,2022,84.378,2022,4.304,2022,3.1906345,2016,13.514451,2016,13.12344,2016,0.1,2009,28.114304,2022,0.811,2022,0.755,2022,0.571,2022,0.758,2022,0.619,2022,0.407,2022,2.75,2022
Chad,TD,TCD,148,chad,18523165,2023,1400,2022,25037000000,2022,12704149840,2022,10233349000,2021,0.394,2022,2.369,2022,0.134,2022,75.57923,2022,0,2016,0,2016,55.8,2009,,,0.14,2022,0.031,2022,0.087,2022,0.101,2022,0.069,2022,0.738,2022,1.6,2022
Senegal,SN,SEN,686,senegal,18384660,2023,3600,2022,61727000000,2022,27684264748,2022,24246002000,2021,0.517,2022,11.668,2022,0.674,2022,0,2016,0,2016,0.55876386,2016,96,2009,,,0.69,2022,0.532,2022,0.386,2022,0.563,2022,0.517,2022,1.405,2022,1,2022
Romania,RO,ROU,642,romania,18326327,2023,32500,2022,6.19E+11,2022,3.01E+11,2022,2.21E+11,2021,0.827,2022,73.521,2022,3.74,2022,36.30886,2022,35.820763,2022,88.30432,2022,0.3,2009,18.103191,2022,0.689,2022,0.547,2022,0.499,2022,0.35,2022,0.482,2022,1.949,2022,1.4,2022
Guatemala,GT,GTM,320,guatemala,17980803,2023,9200,2022,1.59E+11,2022,95003330316,2022,75085040000,2021,0.629,2022,19.193,2022,1.076,2022,5.7314787,2016,0,2016,0,2016,0.1,2009,,,0.435,2022,0.263,2022,0.259,2022,0.239,2022,0.174,2022,0.916,2022,3.5,2022
Ecuador,EC,ECU,218,ecuador,17483326,2023,10900,2022,1.95E+11,2022,1.15E+11,2022,97753880000,2021,0.765,2022,41.613,2022,2.312,2022,299.7995,2022,0,2016,5.9836755,2016,0.1,2009,30.134436,2022,0.657,2022,0.5,2022,0.462,2022,0.461,2022,0.41,2022,0.736,2022,2.5,2022
Netherlands,NL,NLD,528,netherlands,17463930,2023,59200,2022,1.05E+12,2022,1.01E+12,2022,8.47E+11,2021,0.946,2022,125.358,2022,7.137,2022,14.757731,2016,0,2016,150.72221,2022,5.7,2009,14.377923,2022,0.852,2022,0.8,2022,0.58,2022,0.804,2022,0.765,2022,2.601,2022,1.4,2022
Cambodia,KH,KHM,116,cambodia,16891245,2023,4500,2022,76023000000,2022,29504829319,2022,23721260000,2021,0.6,2022,19.955,2022,1.19,2022,0,2016,0,2016,0,2016,1.6,2009,,,0.206,2022,0.063,2022,0.117,2022,0.067,2022,0.092,2022,0.948,2022,2,2022
Zimbabwe,ZW,ZWE,716,zimbabwe,15418674,2023,2200,2022,36035000000,2022,27366627153,2022,20618836000,2021,0.55,2022,8.856,2022,0.543,2022,0,2016,29.553642,2022,0,2016,,,,,0.285,2022,0.186,2022,0.215,2022,0.215,2022,0.189,2022,-0.49,2022,2,2022
Benin,BJ,BEN,204,benin,14219908,2023,3400,2022,45869000000,2022,17396792700,2022,15779239000,2021,0.504,2022,8.432,2022,0.631,2022,0,2016,0,2016,0,2016,24.4,2009,,,0.45,2022,0.305,2022,0.266,2022,0.297,2022,0.35,2022,0.884,2022,1,2022
Guinea,GN,GIN,324,guinea,13607249,2023,2700,2022,37408000000,2022,20999229260,2022,13163555000,2021,0.471,2022,4.954,2022,0.357,2022,0,2016,0,2016,0,2016,84.4,2009,,,0.191,2022,0.098,2022,0.17,2022,0.08,2022,0.132,2022,1.195,2022,1,2022
Rwanda,RW,RWA,646,rwanda,13400541,2023,2400,2022,32579000000,2022,13311487445,2022,11983601000,2021,0.548,2022,1.548,2022,0.112,2022,0,2016,0,2016,0,2016,1.8,2009,,,0.228,2022,0.117,2022,0.172,2022,0.213,2022,0.211,2022,1.25,2007,2.833333333,2022
Burundi,BI,BDI,108,burundi,13162952,2023,700,2022,9128000000,2022,3338722828,2022,3276109800,2021,0.42,2022,0.798,2022,0.062,2022,0,2016,0,2016,0,2016,2,2009,,,0.189,2022,0.079,2022,0.087,2022,0.079,2022,0.107,2022,1.242,2007,2.2,2022
Somalia,SO,SOM,706,somalia,12693796,2023,1400,2022,25491000000,2022,10419541202,2022,7302356500,2021,0.38,2022,0.647,2022,0.037,2022,0,2016,0,2016,0,2016,98.5,2009,,,0.162,2022,0.101,2022,0.09,2022,0.145,2022,0.081,2022,1.449,2022,2.2,2022
Bolivia,BO,BOL,68,bolivia,12186079,2023,8200,2022,1.01E+11,2022,44008282878,2022,36984185000,2021,0.698,2022,21.494,2022,1.758,2022,40.733498,2016,0,2016,134.00737,2022,0.1,2009,,,0.597,2022,0.348,2022,0.417,2022,0.354,2022,0.4,2022,0.644,2022,3.2,2022
South Sudan,SS,SSD,728,south-sudan,12118379,2023,1600,2017,20010000000,2017,11997800760,2015,11997800000,2015,0.381,2022,1.834,2022,0.168,2022,80.803566,2022,0,2016,0,2016,,,,,0.129,2022,0.059,2022,0.05,2022,0.036,2022,0.036,2022,0.983,2022,1.75,2022
Tunisia,TN,TUN,788,tunisia,11976182,2023,10600,2022,1.31E+11,2022,46303552449,2022,46984710000,2021,0.732,2022,35.577,2022,2.879,2022,21.417957,2022,0,2016,15.074899,2016,99.5,2009,,,0.307,2022,0.223,2022,0.223,2022,0.293,2022,0.305,2022,2.291,2022,1.4,2022
Belgium,BE,BEL,56,belgium,11913633,2023,53300,2022,6.23E+11,2022,5.83E+11,2022,4.97E+11,2021,0.942,2022,89.605,2022,7.688,2022,0,2016,0,2016,0,2016,3,2009,10.685728,2022,0.887,2022,0.825,2022,0.633,2022,0.812,2022,0.823,2022,2.807,2022,2.2,2022
Haiti,HT,HTI,332,haiti,11470261,2023,2800,2022,32428000000,2022,20253551885,2022,14687836000,2021,0.552,2022,2.447,2022,0.211,2022,0,2016,0,2016,0,2016,0.1,2009,,,0.248,2022,0.155,2022,0.109,2022,0.215,2022,0.07,2022,1.095,2022,2.6,2022
Jordan,JO,JOR,400,jordan,11086716,2023,9500,2022,1.07E+11,2022,48653381781,2022,42157527000,2021,0.736,2022,22.913,2022,2.03,2022,0.014079887,2016,0,2016,1.1111478,2016,98.2,2009,,,0.259,2022,0.249,2022,0.12,2022,0.22,2022,0.203,2022,1.358,2022,2,2022
Cuba,CU,CUB,192,cuba,10985974,2023,12300,2016,1.37E+11,2017,1.07E+11,2020,82070970000,2021,0.764,2022,20.921,2022,1.866,2022,34.205326,2016,0,2016,12.228579,2016,0.1,2009,,,0.178,2022,0.056,2022,0.088,2022,0.098,2022,0.229,2022,1.437,2022,1.833333333,2022
Dominican Republic,DO,DOM,214,dominican-republic,10790744,2023,19300,2022,2.17E+11,2022,1.14E+11,2022,93508040000,2021,0.766,2022,23.638,2022,2.105,2022,0,2016,0,2016,0,2016,0.1,2009,,,0.679,2022,0.465,2022,0.46,2022,0.605,2022,0.369,2022,0.982,2022,2.4,2022
Czechia,CZ,CZE,203,czechia,10706242,2023,41100,2022,4.38E+11,2022,2.91E+11,2022,2.11E+11,2021,0.895,2022,97.969,2022,9.336,2022,1.5559578,2016,133.83871,2022,2.3381493,2016,0.1,2009,7.424739,2022,0.853,2022,0.784,2022,0.565,2022,0.74,2022,0.772,2022,2.394,2022,1.6,2022
Sweden,SE,SWE,752,sweden,10536338,2023,55300,2022,5.8E+11,2022,5.92E+11,2022,5.65E+11,2021,0.952,2022,38.051,2022,3.607,2022,0,2016,0,2016,0,2016,2,2009,53.31243,2022,0.899,2022,0.87,2022,0.643,2022,0.806,2022,0.816,2022,2.11,2022,1,2022
Greece,GR,GRC,300,greece,10497595,2023,31700,2022,3.31E+11,2022,2.18E+11,2022,2.01E+11,2021,0.893,2022,59.663,2022,5.745,2022,2.0183053,2016,18.962229,2022,0.13698997,2016,3,2009,19.891735,2022,0.783,2022,0.6,2022,0.536,2022,0.684,2022,0.659,2022,1.04,2022,1.333333333,2022
Azerbaijan,AZ,AZE,31,azerbaijan,10420515,2023,15100,2022,1.53E+11,2022,78721058824,2022,54180410000,2021,0.76,2022,38.063,2022,3.675,2022,387.3922,2022,0,2016,341.36777,2022,99.2,2009,2.5034385,2022,0.188,2022,0.063,2022,0.059,2022,0.048,2022,0.098,2022,2.08,2022,0,2022
Portugal,PT,PRT,620,portugal,10223150,2023,35800,2022,3.72E+11,2022,2.55E+11,2022,2.15E+11,2021,0.874,2022,41.605,2022,4.051,2022,0,2016,0,2016,0,2016,0.1,2009,28.967491,2022,0.846,2022,0.753,2022,0.58,2022,0.737,2022,0.723,2022,2.318,2022,2.25,2022
United Arab Emirates,AE,ARE,784,united-arab-emirates,9973449,2023,74900,2022,7.07E+11,2022,5.07E+11,2022,3.98E+11,2021,0.937,2022,243.895,2022,25.833,2022,2106.3857,2022,0,2016,579.9627,2022,76.2,2009,,,0.101,2022,0.086,2022,0.032,2022,0.086,2022,0.136,2022,1.482,2022,1,2022
Papua New Guinea,PG,PNG,598,papua-new-guinea,9819350,2023,3800,2022,38065000000,2022,31603619042,2022,24008698000,2021,0.568,2022,7.823,2022,0.771,2022,33.704975,2016,0,2016,119.24191,2016,0.1,2009,,,0.458,2022,0.366,2022,0.275,2022,0.273,2022,0.268,2022,1.221,2022,3.5,2022
Hungary,HU,HUN,348,hungary,9670009,2023,35400,2022,3.41E+11,2022,1.77E+11,2022,1.51E+11,2021,0.851,2022,44.354,2022,4.45,2022,12.577218,2016,8.883294,2022,18.395353,2016,0.2,2009,9.1176815,2022,0.445,2022,0.337,2022,0.294,2022,0.213,2022,0.324,2022,2.142,2022,1,2022
Honduras,HN,HND,340,honduras,9571352,2023,5700,2022,59562000000,2022,31717699764,2022,24956121000,2021,0.624,2022,11.16,2022,1.07,2022,0,2016,0,2016,0,2016,0.1,2009,,,0.556,2022,0.402,2022,0.35,2022,0.377,2022,0.253,2022,0.723,2022,2.8,2022
Belarus,BY,BLR,112,belarus,9383853,2023,19100,2022,1.76E+11,2022,72793457588,2022,59948356000,2021,0.801,2022,58.801,2022,6.167,2022,20.621525,2016,0,2016,0.23633061,2016,1,2009,0.99566615,2022,0.175,2022,0.042,2022,0.059,2022,0.039,2022,0.224,2022,1.922,2022,1,2022
Tajikistan,TJ,TJK,762,tajikistan,9245937,2023,4100,2022,41177000000,2022,10492123388,2022,12476305000,2021,0.679,2022,10.017,2022,1.006,2022,0.1136288,2016,9.007443,2016,0.20602278,2016,84.1,2009,,,0.175,2022,0.048,2022,0.054,2022,0.055,2022,0.07,2022,2.074,2022,1.4,2022
Israel,IL,ISR,376,israel,9043387,2023,44400,2022,4.24E+11,2022,5.25E+11,2022,3.82E+11,2021,0.915,2022,56.118,2022,6.209,2022,0.24786466,2016,0,2016,101.5424,2016,16.7,2009,6.465607,2022,0.723,2022,0.65,2022,0.473,2022,0.612,2022,0.591,2022,1.079,2022,1.5,2022
Austria,AT,AUT,40,austria,8940860,2023,55900,2022,5.05E+11,2022,4.71E+11,2022,4.05E+11,2021,0.926,2022,61.488,2022,6.878,2022,9.799419,2016,0,2016,12.599589,2016,4.2,2009,36.607925,2022,0.794,2022,0.7,2022,0.556,2022,0.671,2022,0.71,2022,2.498,2022,1.5,2022
Sierra Leone,SL,SLE,694,sierra-leone,8908040,2023,1600,2022,14068000000,2022,4094563859,2022,5181035000,2021,0.458,2022,1.129,2022,0.131,2022,0,2016,0,2016,0,2016,71.3,2009,,,0.559,2022,0.424,2022,0.362,2022,0.508,2022,0.394,2022,1.328,2022,1.333333333,2022
Togo,TG,TGO,768,togo,8703961,2023,2200,2022,19491000000,2022,8341225241,2022,5460540000,2021,0.547,2022,2.576,2022,0.291,2022,0,2016,0,2016,0,2016,12.2,2009,,,0.426,2022,0.239,2022,0.273,2022,0.359,2022,0.313,2022,0.975,2022,1,2022
Switzerland,CH,CHE,756,switzerland,8563760,2023,72300,2022,6.34E+11,2022,8.18E+11,2022,7.6E+11,2021,0.967,2022,35.38,2022,4.048,2022,0,2016,0,2016,0,2016,4.3,2009,33.07584,2022,0.898,2022,0.851,2022,0.801,2022,0.863,2022,0.834,2022,2.798,2022,1.5,2022
Laos,LA,LAO,418,laos,7852377,2023,7900,2022,59842000000,2022,15468785204,2022,19054756000,2021,0.62,2022,23.193,2022,3.08,2022,0,2016,20.10704,2016,0,2016,0.1,2009,,,0.134,2022,0.108,2022,0.115,2022,0.057,2022,0.129,2022,1.112,2022,1.666666667,2022
Paraguay,PY,PRY,600,paraguay,7439863,2023,13500,2022,91753000000,2022,41722295229,2022,41998594000,2021,0.731,2022,9.018,2022,1.33,2022,0,2016,0,2016,0,2016,0.1,2009,,,0.581,2022,0.433,2022,0.354,2022,0.346,2022,0.252,2022,0.649,2022,2.666666667,2022
Hong Kong,HK,HKG,344,hong-kong,7288167,2023,58500,2022,4.3E+11,2022,3.6E+11,2022,3.3E+11,2021,0.956,2022,30.569,2022,4.082,2022,0,2016,0,2016,0,2016,1,2009,0.38217172,2022,0.154,2022,0.126,2022,0.056,2022,0.048,2022,0.191,2022,1.432,2022,1.666666667,2022
Libya,LY,LBY,434,libya,7252573,2023,19800,2022,1.35E+11,2022,45752336036,2022,60910776000,2021,0.746,2022,62.961,2022,9.242,2022,593.3383,2022,0,2016,148.22977,2022,96.6,2009,,,0.213,2022,0.11,2022,0.156,2022,0.229,2022,0.15,2022,0.559,2022,1,2022
Bulgaria,BG,BGR,100,bulgaria,6827736,2023,27000,2022,1.74E+11,2022,90346169915,2022,59382313000,2021,0.799,2022,46.147,2022,6.804,2022,0.63115054,2016,68.89546,2022,0.9739744,2016,12.2,2009,12.63413,2022,0.688,2022,0.613,2022,0.486,2022,0.588,2022,0.546,2022,1.831,2022,1.333333333,2022
Serbia,RS,SRB,688,serbia,6693375,2023,20900,2022,1.39E+11,2022,63563401044,2022,48616505000,2021,0.805,2022,43.507,2022,6.025,2022,12.969845,2016,70.47951,2022,5.6632605,2016,3.2,2009,,,0.361,2022,0.265,2022,0.25,2022,0.231,2022,0.316,2022,1.938,2022,1,2022
El Salvador,SV,SLV,222,el-salvador,6602370,2023,9400,2022,59537000000,2022,32488720000,2022,26104797000,2021,0.674,2022,7.714,2022,1.217,2022,0,2016,0,2016,0,2016,0.1,2009,,,0.378,2022,0.147,2022,0.218,2022,0.149,2022,0.144,2022,0.658,2022,2,2022
Nicaragua,NI,NIC,558,nicaragua,6359689,2023,5800,2022,40456000000,2022,15671583940,2022,14063480000,2021,0.669,2022,5.55,2022,0.799,2022,0,2016,0,2016,0,2016,0.1,2009,,,0.177,2022,0.034,2022,0.114,2022,0.028,2022,0.081,2022,0.842,2022,2,2022
Eritrea,ER,ERI,232,eritrea,6274796,2023,1600,2017,9702000000,2017,2065001626,2011,2252986400,2011,0.493,2022,0.697,2022,0.189,2022,0,2016,0,2016,0,2016,36.5,2009,,,0.073,2022,0.012,2022,0.011,2022,0.033,2022,0.124,2022,0.53,2022,0,2022
Kyrgyzstan,KG,KGZ,417,kyrgyzstan,6122781,2023,5100,2022,35364000000,2022,11543966559,2022,7517386000,2021,0.701,2022,9.45,2022,1.425,2022,0.6312711,2016,8.382435,2016,0.29487184,2016,86.3,2009,,,0.382,2022,0.228,2022,0.204,2022,0.284,2022,0.232,2022,2.619,2022,1,2022
Singapore,SG,SGP,702,singapore,5975383,2023,108000,2022,6.09E+11,2022,4.67E+11,2022,3.61E+11,2021,0.949,2022,53.252,2022,8.912,2022,0,2016,0,2016,0,2016,14.9,2009,0.1887619,1999,0.425,2022,0.339,2022,0.121,2022,0.356,2022,0.361,2022,1.311,2022,,
Denmark,DK,DNK,208,denmark,5946984,2023,59900,2022,3.54E+11,2022,4E+11,2022,3.42E+11,2021,0.952,2022,29.059,2022,4.94,2022,37.03992,2022,0,2016,14.629122,2022,2,2009,43.043022,2022,0.916,2022,0.889,2022,0.702,2022,0.877,2022,0.878,2022,2.219,2022,1,2022
Turkmenistan,TM,TKM,795,turkmenistan,5690818,2023,14700,2022,94790000000,2022,56542857143,2022,45710025000,2019,0.744,2022,70.958,2022,11.034,2022,135.10408,2022,0,2016,782.6819,2022,93.1,2009,0.009452702,1996,0.149,2022,0.035,2022,0.032,2022,0.025,2022,0.088,2022,2.528,2022,0,2022
"Congo, Republic of the",CG,COG,178,congo-republic-of-the,5677493,2023,3700,2022,21913000000,2022,15816996655,2022,8846463000,2021,0.593,2022,7.432,2022,1.245,2022,160.0586,2022,0,2016,15.184207,2016,1.6,2009,,,0.234,2022,0.107,2022,0.189,2022,0.193,2022,0.131,2022,1.245,2022,1.5,2022
Finland,FI,FIN,246,finland,5614571,2023,49400,2022,2.75E+11,2022,2.83E+11,2022,2.57E+11,2021,0.942,2022,36.163,2022,6.527,2022,0,2016,0,2016,0,2016,0.5,2009,38.497456,2022,0.861,2022,0.816,2022,0.612,2022,0.792,2022,0.779,2022,2.062,2022,0,2022
Norway,NO,NOR,578,norway,5597924,2023,67500,2022,3.68E+11,2022,5.93E+11,2022,4.19E+11,2021,0.966,2022,40.808,2022,7.509,2022,1034.5089,2022,6.726947,2016,1228.4828,2022,1,2009,71.628395,2022,0.899,2022,0.857,2022,0.645,2022,0.872,2022,0.86,2022,1.918,2022,1,2022
Central African Republic,CF,CAF,140,central-african-republic,5552228,2023,800,2022,4597000000,2022,2382618615,2022,2022834700,2021,0.387,2022,0.226,2022,0.041,2022,0,2016,0,2016,0,2016,8.9,2009,,,0.321,2022,0.17,2022,0.131,2022,0.17,2022,0.155,2022,1.032,2022,1.75,2022
Liberia,LR,LBR,430,liberia,5506280,2023,1500,2022,7747000000,2022,4001046970,2022,3270920200,2021,0.487,2022,0.877,2022,0.165,2022,0,2016,0,2016,0,2016,12.2,2009,,,0.634,2022,0.461,2022,0.35,2022,0.428,2022,0.41,2022,1.556,2022,0,2022
Slovakia,SK,SVK,703,slovakia,5425319,2023,33200,2022,1.8E+11,2022,1.15E+11,2022,99037470000,2021,0.855,2022,34.152,2022,6.052,2022,0.13336793,2016,5.5350966,2016,1.0064121,2016,0.1,2009,10.303389,2022,0.851,2022,0.779,2022,0.612,2022,0.605,2022,0.702,2022,2.018,2022,1,2022
Lebanon,LB,LBN,422,lebanon,5331203,2023,13000,2021,72631000000,2021,23131941557,2021,34090267000,2021,0.723,2022,23.905,2022,4.354,2022,0,2016,0,2016,0,2016,59.3,2009,,,0.426,2022,0.258,2022,0.248,2022,0.319,2022,0.26,2022,1.29,2022,1,2022
Ireland,IE,IRL,372,ireland,5323991,2023,112400,2022,5.77E+11,2022,5.33E+11,2022,4.48E+11,2021,0.95,2022,38.784,2022,7.721,2022,0,2016,0,2016,32.2472,2016,0.5,2009,20.13166,2022,0.889,2022,0.824,2022,0.634,2022,0.808,2022,0.792,2022,1.764,2022,1,2022
Costa Rica,CR,CRI,188,costa-rica,5256612,2023,22100,2022,1.14E+11,2022,69243626029,2022,66456646000,2021,0.806,2022,7.889,2022,1.523,2022,0,2016,0,2016,0,2016,1,2009,,,0.871,2022,0.821,2022,0.627,2022,0.821,2022,0.771,2022,0.564,2011,1.2,2022
New Zealand,NZ,NZL,554,new-zealand,5109702,2023,45200,2022,2.32E+11,2022,2.48E+11,2022,2.07E+11,2021,0.939,2022,32.212,2022,6.212,2022,22.911379,2016,18.328085,2022,53.48159,2016,0.9,2009,43.069603,2022,0.889,2022,0.834,2022,0.67,2022,0.779,2022,0.786,2022,1.319,2022,2.2,2022
Georgia,GE,GEO,268,georgia,4927228,2023,17100,2022,63403000000,2022,24780791064,2022,18290210000,2021,0.814,2022,11.093,2022,2.963,2022,0.25250837,2016,1.4751356,2016,0.061965585,2016,9.9,2009,,,0.647,2022,0.504,2022,0.408,2022,0.532,2022,0.515,2022,1.51,2022,1,2022
Panama,PA,PAN,591,panama,4404108,2023,33300,2022,1.47E+11,2022,76522511800,2022,60575130000,2021,0.82,2022,11.9,2022,2.699,2022,0,2016,0,2016,0,2016,0.7,2009,,,0.729,2022,0.556,2022,0.432,2022,0.56,2022,0.445,2022,0.728,2022,1.6,2022
Mauritania,MR,MRT,478,mauritania,4244878,2023,5300,2022,25245000000,2022,9780863579,2022,7429785600,2021,0.54,2022,4.534,2022,0.957,2022,3.0398915,2016,0,2016,0,2016,99.1,2009,,,0.395,2022,0.163,2022,0.26,2022,0.28,2022,0.133,2022,1.711,2022,1.6,2022
Croatia,HR,HRV,191,croatia,4169239,2023,34300,2022,1.32E+11,2022,71600049650,2022,59133846000,2021,0.878,2022,17.526,2022,4.349,2022,8.957631,2016,0,2016,12.795635,2016,1,2009,26.92303,2022,0.738,2022,0.648,2022,0.507,2022,0.587,2022,0.577,2022,2.209,2022,1.25,2022
Oman,OM,OMN,512,oman,3833465,2023,35300,2022,1.62E+11,2022,1.15E+11,2022,82728070000,2021,0.819,2022,71.986,2022,15.73,2022,598.33356,2022,0,2016,420.92822,2022,87.7,2009,0,1999,0.17,2022,0.137,2022,0.121,2022,0.062,2022,0.185,2022,1.055,2022,1.4,2022
Bosnia and Herzegovina,BA,BIH,70,bosnia-and-herzegovina,3807764,2023,16700,2022,54120000000,2022,24473906674,2022,19175766000,2021,0.779,2022,19.736,2022,6.103,2022,0,2016,27.600441,2016,0,2016,40,2009,,,0.528,2022,0.365,2022,0.318,2022,0.355,2022,0.366,2022,2.091,2022,1.25,2022
Uruguay,UY,URY,858,uruguay,3416264,2023,24400,2022,83607000000,2022,71177146197,2022,54390980000,2021,0.83,2022,7.893,2022,2.306,2022,0,2016,0,2016,0,2016,0.1,2009,,,0.804,2022,0.715,2022,0.639,2022,0.662,2022,0.632,2022,0.382,2022,1.6,2022
Mongolia,MN,MNG,496,mongolia,3255468,2023,12100,2022,41029000000,2022,17146471626,2022,13749956000,2021,0.741,2022,37.894,2022,11.151,2022,15.115269,2016,208.17351,2022,0,2016,5,2009,,,0.566,2022,0.431,2022,0.293,2022,0.434,2022,0.38,2022,2.197,2022,2.5,2022
Moldova,MD,MDA,498,moldova,3250532,2023,13300,2022,33789000000,2022,14508333280,2022,9662250000,2021,0.763,2022,5.422,2022,1.657,2022,0,2016,0,2016,0.10265763,2016,0.5,2009,,,0.752,2022,0.642,2022,0.52,2022,0.674,2022,0.582,2022,2.143,2022,1,2022
West Bank,PS,PSE,275,west-bank,3176549,2023,5700,2022,28862000000,2022,19111900000,2022,15027100000,2021,0.716,2022,3.497,2022,0.666,2022,0,2016,0,2016,0,2016,98,2009,,,0.082,1948,0.099,1948,0.056,1948,0.053,1948,0.111,1948,1.074,2022,1,2022
Kuwait,KW,KWT,414,kuwait,3103580,2023,49400,2022,2.11E+11,2022,1.75E+11,2022,1.04E+11,2020,0.847,2022,109.19,2022,25.578,2022,1694.665,2022,0,2016,133.51735,2022,95,2009,,,0.317,2022,0.301,2022,0.101,2022,0.267,2022,0.236,2022,2.275,2022,1,2022
Albania,AL,ALB,8,albania,3101621,2023,15500,2022,43032000000,2022,18916378861,2022,13582024000,2021,0.789,2022,4.955,2022,1.743,2022,15.398286,2016,0,2016,0.46568406,2016,79.9,2009,,,0.484,2022,0.409,2022,0.3,2022,0.273,2022,0.355,2022,1.518,2022,1.333333333,2022
Puerto Rico,PR,PRI,630,puerto-rico,3057311,2023,34300,2022,1.11E+11,2022,1.13E+11,2022,92384730000,2021,,,,,,,0,2016,0,2016,0,2016,0.1,2009,,,,,,,,,,,,,0.848,2022,,
Armenia,AM,ARM,51,armenia,2989091,2023,16100,2022,44646000000,2022,19513474648,2022,12621676000,2021,0.786,2022,6.408,2022,2.305,2022,0,2016,0,2016,0,2016,0.1,2009,,,0.645,2022,0.445,2022,0.401,2022,0.502,2022,0.54,2022,1.707,2022,1,2022
Jamaica,JM,JAM,388,jamaica,2820982,2023,10100,2022,28579000000,2022,17097760724,2022,14058989000,2021,0.706,2022,6.488,2022,2.295,2022,0,2016,0,2016,0,2016,0.1,2009,,,0.797,2022,0.695,2022,0.529,2022,0.678,2022,0.659,2022,1.14,2022,1,2022
Namibia,NA,NAM,516,namibia,2777232,2023,9800,2022,25061000000,2022,12914932656,2022,10617235000,2021,0.61,2022,3.953,2022,1.54,2022,0,2016,0,2016,0,2016,0.4,2009,,,0.634,2022,0.507,2022,0.381,2022,0.463,2022,0.323,2022,0.239,2022,1,2022
Lithuania,LT,LTU,440,lithuania,2655755,2023,40000,2022,1.13E+11,2022,70974490450,2022,51069702000,2021,0.879,2022,12.667,2022,4.606,2022,1.2625422,2016,0,2016,0,2016,0.1,2009,12.488818,2022,0.797,2022,0.741,2022,0.588,2022,0.648,2022,0.687,2022,1.96,2022,2,2022
Qatar,QA,QAT,634,qatar,2532104,2023,96600,2022,2.6E+11,2022,2.36E+11,2022,1.64E+11,2021,0.875,2022,101.34,2022,37.601,2022,861.59503,2022,0,2016,1784.1106,2022,77.5,2009,,,0.088,2022,0.083,2022,0.022,2022,0.104,2022,0.099,2022,1.855,2022,1,2022
"Gambia, The",GM,GMB,270,gambia-the,2468569,2023,2100,2022,5719000000,2022,2187194563,2022,1759428000,2021,0.495,2022,0.77,2022,0.285,2022,0,2016,0,2016,0,2016,95,2009,,,0.62,2022,0.496,2022,0.395,2022,0.458,2022,0.421,2022,1.323,2022,1,2022
Botswana,BW,BWA,72,botswana,2417596,2023,15500,2022,40819000000,2022,20355541963,2022,16479434000,2021,0.708,2022,7.467,2022,2.839,2022,0,2016,12.277275,2016,0,2016,0.4,2009,,,0.577,2022,0.462,2022,0.375,2022,0.378,2022,0.399,2022,-1.305,2022,1,2022
Gabon,GA,GAB,266,gabon,2397368,2023,13900,2022,33302000000,2022,21071739225,2022,15398038000,2021,0.693,2022,5.706,2022,2.388,2022,110.914566,2022,0,2016,4.110579,2016,9.5,2009,,,0.369,2022,0.209,2022,0.252,2022,0.282,2022,0.28,2022,0.994,2022,0,2022
Lesotho,LS,LSO,426,lesotho,2210646,2023,2200,2022,5166000000,2022,2236502124,2022,2221461000,2021,0.521,2022,3.135,2022,1.359,2022,0,2016,0,2016,0,2016,0.1,2009,,,0.641,2022,0.504,2022,0.401,2022,0.493,2022,0.505,2022,1.372,2022,1,2022
North Macedonia,MK,MKD,807,north-macedonia,2133410,2023,17100,2022,35245000000,2022,13563132102,2022,10918282000,2021,0.765,2022,7.588,2022,3.625,2022,0,2016,9.1325445,2016,0,2016,33.3,2009,13.73907,2022,0.551,2022,0.365,2022,0.369,2022,0.371,2022,0.364,2022,1.404,2022,1,2022
Slovenia,SI,SVN,705,slovenia,2099790,2023,41000,2022,86624000000,2022,60063475466,2022,52164080000,2021,0.926,2022,12.715,2022,5.998,2022,0.003138641,2016,11.54076,2016,0.055428408,2016,2.4,2009,15.548338,2022,0.799,2022,0.704,2022,0.579,2022,0.702,2022,0.685,2022,2.435,2022,1,2022
Gaza Strip,PS,PSE,275,gaza-strip,2098389,2023,5700,2022,28862000000,2022,,,15027100000,2021,,,3.497,2022,0.666,2022,0,2016,0,2016,0,2016,0,2009,,,0.082,1948,0.099,1948,0.056,1948,0.053,1948,0.111,1948,1.074,2022,1,2022
Guinea-Bissau,GW,GNB,624,guinea-bissau,2078820,2023,1900,2022,3906000000,2022,1633559092,2022,1265072800,2021,0.483,2022,0.327,2022,0.155,2022,0,2016,0,2016,0,2016,42.2,2009,,,0.371,2022,0.152,2022,0.171,2022,0.194,2022,0.217,2022,1.295,2022,1,2022
Kosovo,,,,kosovo,1964327,2023,12700,2022,22333000000,2022,9409473518,2022,,,,,,,,,,,,,,,89.6,2009,,,,,,,,,,,,,,,,
Latvia,LV,LVA,428,latvia,1821750,2023,33000,2022,62005000000,2022,40932030050,2022,31300856000,2021,0.879,2022,6.591,2022,3.562,2022,0,2016,0,2016,0,2016,1,2009,26.908577,2022,0.821,2022,0.73,2022,0.583,2022,0.689,2022,0.695,2022,1.953,2022,1,2022
Equatorial Guinea,GQ,GNQ,226,equatorial-guinea,1737695,2023,14900,2022,24987000000,2022,12029633747,2022,9534008000,2021,0.65,2022,5.076,2022,3.031,2022,63.794357,2022,0,2016,62.949383,2016,4,2009,,,0.172,2022,0.051,2022,0.048,2022,0.043,2022,0.111,2022,1.247,2022,,
Bahrain,BH,BHR,48,bahrain,1553886,2023,51900,2022,76342000000,2022,44383297872,2022,33998540000,2021,0.888,2022,37.796,2022,25.672,2022,35.98855,2016,0,2016,171.08846,2022,81.2,2009,,,0.122,2022,0.055,2022,0.036,2022,0.068,2022,0.113,2022,2.017,2022,,
Timor-Leste,TL,TLS,626,timor-leste,1476042,2023,3900,2022,5289000000,2022,3204753000,2022,2722486500,2021,0.566,2022,0.669,2022,0.499,2022,28.175007,2016,0,2016,68.94875,2016,3.8,2009,,,0.695,2022,0.504,2022,0.432,2022,0.497,2022,0.434,2022,1.315,2022,1,2022
Trinidad and Tobago,TT,TTO,780,trinidad-and-tobago,1407460,2023,23300,2022,35667000000,2022,30053575132,2022,21633220000,2021,0.814,2022,34.332,2022,22.424,2022,39.383175,2022,0,2016,259.79883,2022,5.8,2009,0.008836989,2022,0.784,2022,0.666,2022,0.503,2022,0.713,2022,0.629,2022,0.714,2022,1,2022
Mauritius,MU,MUS,480,mauritius,1309448,2023,22800,2022,28838000000,2022,12948726654,2022,12285243000,2021,0.796,2022,4.249,2022,3.27,2022,0,2016,0,2016,0,2016,16.6,2009,,,0.521,2022,0.385,2022,0.336,2022,0.455,2022,0.409,2022,0.595,2022,1,2022
Cyprus,CY,CYP,196,cyprus,1308120,2023,45000,2022,41068000000,2022,29250524418,2022,25506367000,2021,0.907,2022,7.029,2022,5.617,2022,0,2016,0,2016,0,2016,22.7,2009,,,0.777,2022,0.644,2022,0.479,2022,0.63,2022,0.672,2022,1.237,2022,1,2022
Estonia,EE,EST,233,estonia,1202762,2023,37700,2022,50867000000,2022,38100812959,2022,28890862000,2021,0.899,2022,10.312,2022,7.776,2022,0,2016,0,2016,0,2016,0.1,2009,15.2651,2022,0.893,2022,0.847,2022,0.619,2022,0.754,2022,0.798,2022,1.961,2022,1,2022
Eswatini,SZ,SWZ,748,eswatini,1130043,2023,9100,2022,10885000000,2022,4790922066,2022,4677967400,2021,0.61,2022,1.265,2022,1.053,2022,0,2016,1.1295636,2016,0,2016,,,,,0.12,2022,0.096,2022,0.079,2022,0.036,2022,0.061,2022,1.371,2022,1,2022
Djibouti,DJ,DJI,262,djibouti,976143,2023,5000,2022,5592000000,2022,3515108860,2022,3212645600,2021,0.515,2022,0.453,2022,0.404,2022,0,2016,0,2016,0,2016,96.9,2009,,,0.255,2022,0.125,2022,0.151,2022,0.147,2022,0.192,2022,1.547,2022,1,2022
Fiji,FJ,FJI,242,fiji,947760,2023,12400,2022,11518000000,2022,4979979546,2022,4107980000,2021,0.729,2022,1.074,2022,1.155,2022,0,2016,0,2016,0,2016,6.3,2009,,,0.406,2022,0.267,2022,0.215,2022,0.303,2022,0.282,2022,1.346,2022,1.6,2022
Comoros,KM,COM,174,comoros,888378,2023,3200,2022,2716000000,2022,1242519407,2022,1113744500,2021,0.586,2022,0.413,2022,0.493,2022,0,2016,0,2016,0,2016,98.3,2009,,,0.284,2022,0.115,2022,0.206,2022,0.191,2022,0.226,2022,0.521,2022,2,2022
Bhutan,BT,BTN,64,bhutan,876181,2023,11600,2021,9015000000,2021,2768003873,2021,2314503200,2021,0.681,2022,1.056,2022,1.349,2022,0,2016,0.57309777,2016,0,2016,1,2009,,,0.535,2022,0.434,2022,0.328,2022,0.495,2022,0.446,2022,1.523,2022,1,2022
Guyana,GY,GUY,328,guyana,791739,2023,35600,2022,28819000000,2022,14718388489,2022,8735456000,2021,0.742,2022,3.537,2022,4.374,2022,0,2016,0,2016,0,2016,7.2,2009,,,0.535,2022,0.365,2022,0.312,2022,0.26,2022,0.38,2022,1.066,2022,1,2022
Solomon Islands,SB,SLB,90,solomon-islands,714766,2023,2200,2022,1628000000,2022,1597204341,2022,1434447600,2021,0.562,2022,0.299,2022,0.412,2022,0,2016,0,2016,0,2016,0.1,2009,,,0.618,2022,0.476,2022,0.366,2022,0.359,2022,0.343,2022,1.038,2022,1,2022
Luxembourg,LU,LUX,442,luxembourg,660924,2023,117700,2022,76901000000,2022,81641807866,2022,68993900000,2021,0.927,2022,7.524,2022,11.618,2022,0,2016,0,2016,0,2016,3,2009,10.850782,2022,0.881,2022,0.797,2022,0.584,2022,0.839,2022,0.822,2022,2.926,2022,1,2022
Macau,,,,macau,639971,2023,51800,2022,36038000000,2022,24042287327,2022,,,,,,,,,,,,,,,0.1,2009,,,,,,,,,,,,,,,,
Suriname,SR,SUR,740,suriname,639759,2023,15000,2022,9300000000,2022,3620987993,2022,4296021000,2021,0.69,2022,3.587,2022,5.803,2022,11.535729,2016,0,2016,0,2016,15.9,2009,,,0.77,2022,0.653,2022,0.498,2022,0.606,2022,0.579,2022,1.296,2022,1,2022
Cabo Verde,CV,CPV,132,cabo-verde,603901,2023,7400,2022,4377000000,2022,2226862134,2022,1745467500,2021,0.661,2022,0.569,2022,0.959,2022,0,2016,0,2016,0,2016,,,,,0.75,2022,0.647,2022,0.466,2022,0.618,2022,0.565,2022,1.853,2022,1,2022
Montenegro,ME,MNE,499,montenegro,602445,2023,22100,2022,13646000000,2022,6229801581,2022,4551482400,2021,0.844,2022,2.292,2022,3.656,2022,0,2016,3.7681239,2016,0,2016,17.7,2009,,,0.501,2022,0.404,2022,0.3,2022,0.389,2022,0.401,2022,1.865,2022,1,2022
Maldives,MV,MDV,462,maldives,521021,2023,21300,2022,11142000000,2022,6170638747,2022,5114230000,2021,0.762,2022,1.701,2022,3.248,2022,0,2016,0,2016,0,2016,98.4,2009,,,0.583,2022,0.44,2022,0.323,2022,0.43,2022,0.402,2022,0.784,2022,1,2022
Brunei,BN,BRN,96,brunei,484991,2023,58700,2022,26343000000,2022,16681536467,2022,13215733000,2021,0.823,2022,10.754,2022,23.95,2022,52.189007,2022,0,2016,105.93099,2022,67.2,2009,,,,,,,,,,,,,1.446,2022,0,2022
Malta,MT,MLT,470,malta,467138,2023,48600,2022,25834000000,2022,18125564514,2022,14462554000,2021,0.915,2022,1.655,2022,3.104,2022,0,2016,0,2016,0,2016,0.2,2009,,,0.782,2022,0.641,2022,0.555,2022,0.634,2022,0.692,2022,1.955,2022,,
Belize,BZ,BLZ,84,belize,419137,2023,9500,2022,3839000000,2022,2830507576,2022,2293518800,2021,0.7,2022,0.725,2022,1.789,2022,1.230121,2016,0,2016,0,2016,0.1,2009,,,,,,,,,,,,,1.031,2022,1,2022
Iceland,IS,ISL,352,iceland,360872,2023,55600,2022,21227000000,2022,28064529851,2022,20271528000,2021,0.959,2022,3.543,2022,9.5,2022,0,2016,0,2016,0,2016,0.1,2009,74.30169,2007,0.819,2022,0.732,2022,0.6,2022,0.714,2022,0.73,2022,1.201,2022,0,2022
"Bahamas, The",BS,BHS,44,bahamas-the,358508,2023,34700,2022,14211000000,2022,12897400000,2022,10893360000,2021,0.82,2022,2.12,2022,5.171,2022,0,2016,0,2016,0,2016,0.1,2009,,,,,,,,,,,,,1.48,2022,1,2022
Vanuatu,VU,VUT,548,vanuatu,313046,2023,2800,2022,910266000,2022,1055811724,2022,821237700,2021,0.614,2022,0.208,2022,0.636,2022,0,2016,0,2016,0,2016,0.1,2009,,,0.771,2022,0.656,2022,0.483,2022,0.615,2022,0.596,2022,1.479,2022,1,2022
Barbados,BB,BRB,52,barbados,303431,2023,15400,2022,4342000000,2022,5699950000,2022,4161995800,2021,0.809,2022,1.233,2022,4.377,2022,0.6298658,2016,0,2016,0.18625842,2016,0.8,2009,,,0.782,2022,0.666,2022,0.331,2022,0.687,2022,0.651,2022,0.868,2015,1,2022
French Polynesia,PF,PYF,258,french-polynesia,301488,2023,18600,2021,5650000000,2021,5814661209,2022,5381881300,2021,,,0.873,2022,2.851,2022,0,2016,0,2016,0,2016,0.1,2009,,,,,,,,,,,,,0.359,2022,1,2022
New Caledonia,NC,NCL,540,new-caledonia,300682,2023,35700,2021,10266000000,2021,9623318718,2022,8738206000,2015,,,5.115,2022,17.641,2022,0,2016,0,2016,0,2016,2.8,2009,,,,,,,,,,,,,2.421,2022,1,2022
Sao Tome and Principe,ST,STP,678,sao-tome-and-principe,220372,2023,3400,2022,781928000,2022,542686976,2022,377594180,2021,0.613,2022,0.132,2022,0.582,2022,0,2016,0,2016,0,2016,0.1,2009,,,0.684,2022,0.578,2022,0.429,2022,0.521,2022,0.488,2022,1.321,2022,1,2022
Samoa,WS,WSM,882,samoa,207501,2023,5200,2022,1147000000,2022,832945206,2022,843469440,2021,0.702,2022,0.249,2022,1.122,2022,0,2016,0,2016,0,2016,0.1,2009,,,,,,,,,,,,,1.156,2022,1,2022
Guam,GU,GUM,316,guam,169330,2023,35600,2016,5793000000,2016,6123000000,2021,5342045000,2021,,,,,,,0,2016,0,2016,0,2016,0.1,2009,,,,,,,,,,,,,,,0,2022
Saint Lucia,LC,LCA,662,saint-lucia,167591,2023,15100,2022,2716000000,2022,2343703704,2022,1681956400,2021,0.725,2022,0.47,2022,2.615,2022,0,2016,0,2016,0,2016,0.1,2009,,,,,,,,,,,,,0.689,2022,1,2022
Curacao,CW,CUW,531,curacao,152849,2023,23100,2022,3467000000,2022,3075180835,2022,2382020000,2021,,,1.757,2022,9.189,2022,,,,,,,0,2009,,,,,,,,,,,,,,,,
Aruba,AW,ABW,533,aruba,123702,2023,41300,2022,4393000000,2022,3544707788,2022,3225070300,2021,,,0.866,2022,8.133,2022,0,2016,0,2016,0,2016,0.2,2009,,,,,,,,,,,,,1.281,2020,,
Kiribati,KI,KIR,296,kiribati,115372,2023,2000,2022,262821000,2022,223353014,2022,178690720,2021,0.628,2022,0.068,2022,0.518,2022,0,2016,0,2016,0,2016,0.1,2009,,,,,,,,,,,,,1.425,2020,0,2022
Grenada,GD,GRD,308,grenada,114299,2023,14500,2022,1814000000,2022,1215379156,2022,1024705200,2021,0.793,2022,0.34,2022,2.713,2022,0,2016,0,2016,0,2016,0.3,2009,,,,,,,,,,,,,0.698,2022,0,2022
Tonga,TO,TON,776,tonga,105221,2023,6100,2021,651259000,2021,469228220,2021,475116320,2021,0.739,2022,0.189,2022,1.769,2022,0,2016,0,2016,0,2016,0.1,2009,,,,,,,,,,,,,0.846,2022,1,2022
Virgin Islands,VI,VIR,850,virgin-islands,104917,2023,37000,2016,3872000000,2016,4444000000,2021,3786142500,2020,,,,,,,0,2016,0,2016,0,2016,0.1,2009,,,,,,,,,,,,,0.894,2022,2,2022
Jersey,JE,JEY,832,jersey,102785,2023,56600,2016,5569000000,2016,,,,,,,,,,,,,,,,,,,,,,,,,,,,,,,,,,
Antigua and Barbuda,AG,ATG,28,antigua-and-barbuda,101489,2023,22300,2022,2093000000,2022,1867733333,2022,1369612300,2021,0.826,2022,0.602,2022,6.422,2022,0,2016,0,2016,0,2016,0.6,2009,,,,,,,,,,,,,0.77,2022,1,2022
Saint Vincent and the Grenadines,VC,VCT,670,saint-vincent-and-the-grenadines,100804,2023,14600,2022,1515000000,2022,948559259,2022,827008830,2021,0.772,2022,0.239,2022,2.296,2022,0,2016,0,2016,0,2016,1.5,2009,,,,,,,,,,,,,0.698,2022,1,2022
"Micronesia, Federated States of",FM,FSM,583,micronesia-federated-states-of,100319,2023,3300,2022,372593000,2022,424000000,2022,316177000,2021,0.634,2022,0.151,2022,1.324,2022,,,,,,,0.1,2009,,,,,,,,,,,,,0.627,2022,1,2022
Seychelles,SC,SYC,690,seychelles,97617,2023,25200,2022,3022000000,2022,1588438144,2022,1651621600,2021,0.802,2022,0.659,2022,6.15,2022,0,2016,0,2016,0,2016,1.1,2009,,,0.761,2022,0.675,2022,0.325,2022,0.688,2022,0.634,2022,0.872,2022,0,2022
Isle of Man,IM,IMN,833,isle-of-man,91840,2023,84600,2014,6792000000,2015,6684229269,2020,8129451500,2019,,,,,,,,,,,,,0.2,2009,,,,,,,,,,,,,1.84,2022,1,2022
Andorra,AD,AND,20,andorra,85468,2023,49900,2015,3327000000,2015,3352031094,2022,2911602700,2021,0.884,2022,0.369,2022,4.617,2022,,,,,,,1,2009,,,,,,,,,,,,,3.243,2022,,
Marshall Islands,MH,MHL,584,marshall-islands,80966,2023,6000,2022,249595000,2022,258774475,2022,221287100,2021,0.731,2022,0.151,2022,3.635,2022,,,,,,,0.1,2009,,,,,,,,,,,,,0.007,2022,1,2022
Dominica,DM,DMA,212,dominica,74656,2023,11500,2022,833828000,2022,607440741,2022,504333900,2021,0.74,2022,0.153,2022,2.106,2022,0,2016,0,2016,0,2016,0.1,2009,,,,,,,,,,,,,0.688,2022,1,2022
Bermuda,BM,BMU,60,bermuda,72576,2023,81200,2022,5157000000,2022,7546000000,2022,6718028300,2021,,,0.445,2022,6.937,2022,0,2016,0,2016,0,2016,0.8,2009,,,,,,,,,,,,,,,0,2022
Guernsey,GG,GGY,831,guernsey,67642,2023,52500,2014,3465000000,2015,,,,,,,,,,,,,,,,,,,,,,,,,,,,,,,,,,
Cayman Islands,KY,CYM,136,cayman-islands,65483,2023,71400,2022,4902000000,2022,6844827379,2022,5217706500,2021,,,,,,,0,2016,0,2016,0,2016,0.2,2009,,,,,,,,,,,,,0.974,2022,0,2022
Turks and Caicos Islands,TC,TCA,796,turks-and-caicos-islands,59367,2023,20700,2022,946893000,2022,1138808881,2022,819238660,2021,,,0.349,2022,7.637,2022,0,2016,0,2016,0,2016,0.1,2009,,,,,,,,,,,,,0.944,2022,1,2022
Greenland,GL,GRL,304,greenland,57777,2023,41800,2015,2413000000,2015,3235809504,2021,2703236900,2020,,,0.592,2022,10.474,2022,0,2016,0,2016,0,2016,0.1,2009,,,,,,,,,,,,,1.413,2022,,
Saint Kitts and Nevis,KN,KNA,659,saint-kitts-and-nevis,54817,2023,28800,2022,1371000000,2022,965638865,2022,894798340,2021,0.838,2022,0.224,2022,4.708,2022,0,2016,0,2016,0,2016,0.1,2009,,,,,,,,,,,,,0.77,2022,1,2022
Faroe Islands,FO,FRO,234,faroe-islands,52600,2023,40000,2014,2001000000,2014,3555929833,2022,,,,,0.748,2022,14.085,2022,0,2016,0,2016,0,2016,,,,,,,,,,,,,,,1.396,2022,,
Northern Mariana Islands,MP,MNP,580,northern-mariana-islands,51295,2023,24500,2016,1242000000,2016,858000000,2020,1037951500,2019,,,,,,,0,2016,0,2016,0,2016,0.7,2009,,,,,,,,,,,,,,,1,2022
Sint Maarten,SX,SXM,534,sint-maarten,45677,2023,41900,2022,1797000000,2022,1537088724,2022,1108000900,2018,,,0.634,2022,14.352,2022,,,,,,,,,,,,,,,,,,,,,,,1,2022
American Samoa,AS,ASM,16,american-samoa,44620,2023,11200,2016,658000000,2016,871000000,2022,648340500,2021,,,,,,,0,2016,0,2016,0,2016,0.1,2009,,,,,,,,,,,,,1.256,2022,0,2022
Liechtenstein,LI,LIE,438,liechtenstein,39993,2023,139100,2009,4978000000,2014,7710380086,2021,6268391400,2015,0.942,2022,0.15,2022,3.81,2022,,,,,,,4.8,2009,,,,,,,,,,,,,2.534,2022,,
British Virgin Islands,VG,VGB,92,british-virgin-islands,39369,2023,34200,2017,500000000,2017,,,,,,,0.157,2022,5.004,2022,0,2016,0,2016,0,2016,1.2,2009,,,,,,,,,,,,,0.875,2022,2,2022
San Marino,SM,SMR,674,san-marino,34892,2023,61600,2021,2079000000,2021,1855382833,2021,1408417000,2020,0.867,2022,,,,,,,,,,,0.1,2009,,,,,,,,,,,,,2.115,2022,,
Saint Martin,MF,MAF,663,saint-martin,32897,2023,,,,,649206263,2021,,,,,,,,,,,,,,,,,,,,,,,,,,,,,,,1,2022
Monaco,MC,MCO,492,monaco,31597,2023,115700,2015,7672000000,2015,8784002932,2022,7490920400,2021,..,,,,,,,,,,,,0.4,2009,,,,,,,,,,,,,2.737,2022,,
Gibraltar,GI,GIB,292,gibraltar,29629,2023,61700,2014,2044000000,2014,,,,,,,,,,,0,2016,0,2016,0,2016,4,2009,,,,,,,,,,,,,2.228,2022,,
Palau,PW,PLW,585,palau,21779,2023,14100,2021,254367000,2021,232903016,2021,212807410,2021,0.797,2022,0.219,2022,12.124,2022,,,,,,,0.1,2009,,,,,,,,,,,,,1.672,2022,1,2022
Anguilla,AI,AIA,660,anguilla,19079,2023,,,,,,,,,,,0.139,2022,8.753,2022,,,,,,,0.3,2009,,,,,,,,,,,,,0.839,2022,1,2022
Wallis and Futuna,WF,WLF,876,wallis-and-futuna,15929,2023,,,,,,,,,,,0.026,2022,2.282,2022,,,,,,,0.1,2009,,,,,,,,,,,,,0.951,2022,0,2022
Tuvalu,TV,TUV,798,tuvalu,11639,2023,4600,2022,51937000,2022,59065979,2022,47924612,2021,0.653,2022,0.011,2022,1,2022,,,,,,,0.1,2009,,,,,,,,,,,,,0.663,2022,1,2022
Nauru,NR,NRU,520,nauru,9852,2023,11000,2022,139656000,2022,151647846,2022,92009870,2021,0.696,2022,0.053,2022,4.17,2022,0,2016,0,2016,0,2016,0.1,2009,,,,,,,,,,,,,,,,
Cook Islands,CK,COK,184,cook-islands,7939,2023,15600,2022,266000000,2022,,,,,,,0.068,2022,3.995,2022,0,2016,0,2016,0,2016,0.1,2009,,,,,,,,,,,,,0.479,2022,0,2022
"Saint Helena, Ascension, and Tristan da Cunha",SH,SHN,654,saint-helena-ascension-and-tristan-da-cunha,7935,2023,,,,,,,,,,,0.018,2022,3.299,2022,0,2016,0,2016,0,2016,0.1,2009,,,,,,,,,,,,,1.686,2022,0,2022
Saint Barthelemy,BL,BLM,652,saint-barthelemy,7093,2023,,,,,,,,,,,,,,,,,,,,,,,,,,,,,,,,,,,,,1,2022
Montserrat,MS,MSR,500,montserrat,5440,2023,34000,2011,,,,,,,,,0.021,2022,4.845,2022,0,2016,0,2016,0,2016,0.1,2009,,,,,,,,,,,,,0.77,2022,0,2022
Saint Pierre and Miquelon,PM,SPM,666,saint-pierre-and-miquelon,5195,2023,,,261300000,2015,,,,,,,0.061,2022,10.293,2022,0,2016,0,2016,0,2016,,,,,,,,,,,,,,,1.944,2022,,
Falkland Islands (Islas Malvinas),BL,BLM,652,falkland-islands-islas-malvinas,3662,2021,70800,2015,206400000,2015,,,,,,,,,,,,,,,,,,,,,,,,,,,,,,,,,1,2022
Svalbard,SJ,SJM,744,svalbard,2926,44197,,,,,,,,,,,,,,,,,,,,,,,,,,,,,,,,,,,,,,
Christmas Island,CX,CXR,162,christmas-island,2205,2016,,,,,,,,,,,,,,,,,,,,,,,,,,,,,,,,,,,,,,
Niue,NU,NIU,570,niue,2000,44743,11100,2021,18700000,2021,,,,,,,0.008,2022,3.873,2022,0,2016,0,2016,0,2016,0.1,2009,,,,,,,,,,,,,,,,
Norfolk Island,NF,NFK,574,norfolk-island,1748,2016,,,,,,,,,,,,,,,,,,,,,,,,,,,,,,,,,,,1.225,2022,,
Tokelau,TK,TKL,772,tokelau,1647,2019,6004,2017,7711583,2017,,,,,,,,,,,,,,,,,0.1,2009,,,,,,,,,,,,,,,0,2022
Paracel Islands,,,,paracel-islands,1440,41821,,,,,,,,,,,,,,,,,,,,,,,,,,,,,,,,,,,,,,
Holy See (Vatican City),VA,VAT,336,holy-see-vatican-city,1000,2022,,,,,,,,,,,,,,,,,,,,,,,,,,,,,,,,,,,2.028,2022,,
Cocos (Keeling) Islands,CC,CCK,166,cocos-keeling-islands,596,41821,,,,,,,,,,,,,,,,,,,,,,,,,,,,,,,,,,,,,,
Pitcairn Islands,PN,PCN,612,pitcairn-islands,50,2021,,,,,,,,,,,,,,,,,,,,,0.1,2009,,,,,,,,,,,,,,,,